en,fr,it,de,es,ko,kana
[~0],[~0],[~0],[~0],[~0],[~0],[~0]
"By spreading the broad petals of its flower and catching the sun’s rays, it fills its body with power.","By spreading the broad petals of its flower and catching the sun’s rays, it fills its body with power.","By spreading the broad petals of its flower and catching the sun’s rays, it fills its body with power.","By spreading the broad petals of its flower and catching the sun’s rays, it fills its body with power.","By spreading the broad petals of its flower and catching the sun’s rays, it fills its body with power.","By spreading the broad petals of its flower and catching the sun’s rays, it fills its body with power.","By spreading the broad petals of its flower and catching the sun’s rays, it fills its body with power."
"If CHARIZARD becomes furious, the flame at the tip of its tail flares up in a light blue shade.","If CHARIZARD becomes furious, the flame at the tip of its tail flares up in a light blue shade.","If CHARIZARD becomes furious, the flame at the tip of its tail flares up in a light blue shade.","If CHARIZARD becomes furious, the flame at the tip of its tail flares up in a light blue shade.","If CHARIZARD becomes furious, the flame at the tip of its tail flares up in a light blue shade.","If CHARIZARD becomes furious, the flame at the tip of its tail flares up in a light blue shade.","If CHARIZARD becomes furious, the flame at the tip of its tail flares up in a light blue shade."
"If CHARIZARD becomes furious, the flame at the tip of its tail flares up in a light blue shade.","If CHARIZARD becomes furious, the flame at the tip of its tail flares up in a light blue shade.","If CHARIZARD becomes furious, the flame at the tip of its tail flares up in a light blue shade.","If CHARIZARD becomes furious, the flame at the tip of its tail flares up in a light blue shade.","If CHARIZARD becomes furious, the flame at the tip of its tail flares up in a light blue shade.","If CHARIZARD becomes furious, the flame at the tip of its tail flares up in a light blue shade.","If CHARIZARD becomes furious, the flame at the tip of its tail flares up in a light blue shade."
"It deliberately makes itself heavy so it can withstand the recoil of the water jets it fires.","It deliberately makes itself heavy so it can withstand the recoil of the water jets it fires.","It deliberately makes itself heavy so it can withstand the recoil of the water jets it fires.","It deliberately makes itself heavy so it can withstand the recoil of the water jets it fires.","It deliberately makes itself heavy so it can withstand the recoil of the water jets it fires.","It deliberately makes itself heavy so it can withstand the recoil of the water jets it fires.","It deliberately makes itself heavy so it can withstand the recoil of the water jets it fires."
"This intelligent Pokémon roasts hard berries with electricity to make them tender enough to eat.","This intelligent Pokémon roasts hard berries with electricity to make them tender enough to eat.","This intelligent Pokémon roasts hard berries with electricity to make them tender enough to eat.","This intelligent Pokémon roasts hard berries with electricity to make them tender enough to eat.","This intelligent Pokémon roasts hard berries with electricity to make them tender enough to eat.","This intelligent Pokémon roasts hard berries with electricity to make them tender enough to eat.","This intelligent Pokémon roasts hard berries with electricity to make them tender enough to eat."
"This intelligent Pokémon roasts hard berries with electricity to make them tender enough to eat.","This intelligent Pokémon roasts hard berries with electricity to make them tender enough to eat.","This intelligent Pokémon roasts hard berries with electricity to make them tender enough to eat.","This intelligent Pokémon roasts hard berries with electricity to make them tender enough to eat.","This intelligent Pokémon roasts hard berries with electricity to make them tender enough to eat.","This intelligent Pokémon roasts hard berries with electricity to make them tender enough to eat.","This intelligent Pokémon roasts hard berries with electricity to make them tender enough to eat."
"This intelligent Pokémon roasts hard berries with electricity to make them tender enough to eat.","This intelligent Pokémon roasts hard berries with electricity to make them tender enough to eat.","This intelligent Pokémon roasts hard berries with electricity to make them tender enough to eat.","This intelligent Pokémon roasts hard berries with electricity to make them tender enough to eat.","This intelligent Pokémon roasts hard berries with electricity to make them tender enough to eat.","This intelligent Pokémon roasts hard berries with electricity to make them tender enough to eat.","This intelligent Pokémon roasts hard berries with electricity to make them tender enough to eat."
"This intelligent Pokémon roasts hard berries with electricity to make them tender enough to eat.","This intelligent Pokémon roasts hard berries with electricity to make them tender enough to eat.","This intelligent Pokémon roasts hard berries with electricity to make them tender enough to eat.","This intelligent Pokémon roasts hard berries with electricity to make them tender enough to eat.","This intelligent Pokémon roasts hard berries with electricity to make them tender enough to eat.","This intelligent Pokémon roasts hard berries with electricity to make them tender enough to eat.","This intelligent Pokémon roasts hard berries with electricity to make them tender enough to eat."
"This intelligent Pokémon roasts hard berries with electricity to make them tender enough to eat.","This intelligent Pokémon roasts hard berries with electricity to make them tender enough to eat.","This intelligent Pokémon roasts hard berries with electricity to make them tender enough to eat.","This intelligent Pokémon roasts hard berries with electricity to make them tender enough to eat.","This intelligent Pokémon roasts hard berries with electricity to make them tender enough to eat.","This intelligent Pokémon roasts hard berries with electricity to make them tender enough to eat.","This intelligent Pokémon roasts hard berries with electricity to make them tender enough to eat."
"This intelligent Pokémon roasts hard berries with electricity to make them tender enough to eat.","This intelligent Pokémon roasts hard berries with electricity to make them tender enough to eat.","This intelligent Pokémon roasts hard berries with electricity to make them tender enough to eat.","This intelligent Pokémon roasts hard berries with electricity to make them tender enough to eat.","This intelligent Pokémon roasts hard berries with electricity to make them tender enough to eat.","This intelligent Pokémon roasts hard berries with electricity to make them tender enough to eat.","This intelligent Pokémon roasts hard berries with electricity to make them tender enough to eat."
"This intelligent Pokémon roasts hard berries with electricity to make them tender enough to eat.","This intelligent Pokémon roasts hard berries with electricity to make them tender enough to eat.","This intelligent Pokémon roasts hard berries with electricity to make them tender enough to eat.","This intelligent Pokémon roasts hard berries with electricity to make them tender enough to eat.","This intelligent Pokémon roasts hard berries with electricity to make them tender enough to eat.","This intelligent Pokémon roasts hard berries with electricity to make them tender enough to eat.","This intelligent Pokémon roasts hard berries with electricity to make them tender enough to eat."
"Closing both its eyes heightens all its other senses. This enables it to use its abilities to their extremes.","Closing both its eyes heightens all its other senses. This enables it to use its abilities to their extremes.","Closing both its eyes heightens all its other senses. This enables it to use its abilities to their extremes.","Closing both its eyes heightens all its other senses. This enables it to use its abilities to their extremes.","Closing both its eyes heightens all its other senses. This enables it to use its abilities to their extremes.","Closing both its eyes heightens all its other senses. This enables it to use its abilities to their extremes.","Closing both its eyes heightens all its other senses. This enables it to use its abilities to their extremes."
"It steals heat from its surroundings. If you feel a sudden chill, it is certain that a GENGAR appeared.","It steals heat from its surroundings. If you feel a sudden chill, it is certain that a GENGAR appeared.","It steals heat from its surroundings. If you feel a sudden chill, it is certain that a GENGAR appeared.","It steals heat from its surroundings. If you feel a sudden chill, it is certain that a GENGAR appeared.","It steals heat from its surroundings. If you feel a sudden chill, it is certain that a GENGAR appeared.","It steals heat from its surroundings. If you feel a sudden chill, it is certain that a GENGAR appeared.","It steals heat from its surroundings. If you feel a sudden chill, it is certain that a GENGAR appeared."
"If it is safe, the young gets out of the belly pouch to play. The adult keeps a close eye on the youngster.","If it is safe, the young gets out of the belly pouch to play. The adult keeps a close eye on the youngster.","If it is safe, the young gets out of the belly pouch to play. The adult keeps a close eye on the youngster.","If it is safe, the young gets out of the belly pouch to play. The adult keeps a close eye on the youngster.","If it is safe, the young gets out of the belly pouch to play. The adult keeps a close eye on the youngster.","If it is safe, the young gets out of the belly pouch to play. The adult keeps a close eye on the youngster.","If it is safe, the young gets out of the belly pouch to play. The adult keeps a close eye on the youngster."
"With its pincer horns, it digs burrows to sleep in at night. In the morning, damp soil clings to its body.","With its pincer horns, it digs burrows to sleep in at night. In the morning, damp soil clings to its body.","With its pincer horns, it digs burrows to sleep in at night. In the morning, damp soil clings to its body.","With its pincer horns, it digs burrows to sleep in at night. In the morning, damp soil clings to its body.","With its pincer horns, it digs burrows to sleep in at night. In the morning, damp soil clings to its body.","With its pincer horns, it digs burrows to sleep in at night. In the morning, damp soil clings to its body.","With its pincer horns, it digs burrows to sleep in at night. In the morning, damp soil clings to its body."
"They say that during past strife, GYARADOS would appear and leave blazing ruins in its wake.","They say that during past strife, GYARADOS would appear and leave blazing ruins in its wake.","They say that during past strife, GYARADOS would appear and leave blazing ruins in its wake.","They say that during past strife, GYARADOS would appear and leave blazing ruins in its wake.","They say that during past strife, GYARADOS would appear and leave blazing ruins in its wake.","They say that during past strife, GYARADOS would appear and leave blazing ruins in its wake.","They say that during past strife, GYARADOS would appear and leave blazing ruins in its wake."
"A vicious Pokémon from the distant past, it appears to have flown by spreading its wings and gliding.","A vicious Pokémon from the distant past, it appears to have flown by spreading its wings and gliding.","A vicious Pokémon from the distant past, it appears to have flown by spreading its wings and gliding.","A vicious Pokémon from the distant past, it appears to have flown by spreading its wings and gliding.","A vicious Pokémon from the distant past, it appears to have flown by spreading its wings and gliding.","A vicious Pokémon from the distant past, it appears to have flown by spreading its wings and gliding.","A vicious Pokémon from the distant past, it appears to have flown by spreading its wings and gliding."
"Because its battle abilities were raised to the ultimate level, it thinks only of defeating its foes.","Because its battle abilities were raised to the ultimate level, it thinks only of defeating its foes.","Because its battle abilities were raised to the ultimate level, it thinks only of defeating its foes.","Because its battle abilities were raised to the ultimate level, it thinks only of defeating its foes.","Because its battle abilities were raised to the ultimate level, it thinks only of defeating its foes.","Because its battle abilities were raised to the ultimate level, it thinks only of defeating its foes.","Because its battle abilities were raised to the ultimate level, it thinks only of defeating its foes."
"Because its battle abilities were raised to the ultimate level, it thinks only of defeating its foes.","Because its battle abilities were raised to the ultimate level, it thinks only of defeating its foes.","Because its battle abilities were raised to the ultimate level, it thinks only of defeating its foes.","Because its battle abilities were raised to the ultimate level, it thinks only of defeating its foes.","Because its battle abilities were raised to the ultimate level, it thinks only of defeating its foes.","Because its battle abilities were raised to the ultimate level, it thinks only of defeating its foes.","Because its battle abilities were raised to the ultimate level, it thinks only of defeating its foes."
"The tail’s tip shines brightly and can be seen from far away. It acts as a beacon for lost people.","The tail’s tip shines brightly and can be seen from far away. It acts as a beacon for lost people.","The tail’s tip shines brightly and can be seen from far away. It acts as a beacon for lost people.","The tail’s tip shines brightly and can be seen from far away. It acts as a beacon for lost people.","The tail’s tip shines brightly and can be seen from far away. It acts as a beacon for lost people.","The tail’s tip shines brightly and can be seen from far away. It acts as a beacon for lost people.","The tail’s tip shines brightly and can be seen from far away. It acts as a beacon for lost people."
"Their shapes look like hieroglyphs on ancient tablets. It is said that the two are somehow related.","Their shapes look like hieroglyphs on ancient tablets. It is said that the two are somehow related.","Their shapes look like hieroglyphs on ancient tablets. It is said that the two are somehow related.","Their shapes look like hieroglyphs on ancient tablets. It is said that the two are somehow related.","Their shapes look like hieroglyphs on ancient tablets. It is said that the two are somehow related.","Their shapes look like hieroglyphs on ancient tablets. It is said that the two are somehow related.","Their shapes look like hieroglyphs on ancient tablets. It is said that the two are somehow related."
"Their shapes look like hieroglyphs on ancient tablets. It is said that the two are somehow related.","Their shapes look like hieroglyphs on ancient tablets. It is said that the two are somehow related.","Their shapes look like hieroglyphs on ancient tablets. It is said that the two are somehow related.","Their shapes look like hieroglyphs on ancient tablets. It is said that the two are somehow related.","Their shapes look like hieroglyphs on ancient tablets. It is said that the two are somehow related.","Their shapes look like hieroglyphs on ancient tablets. It is said that the two are somehow related.","Their shapes look like hieroglyphs on ancient tablets. It is said that the two are somehow related."
"Their shapes look like hieroglyphs on ancient tablets. It is said that the two are somehow related.","Their shapes look like hieroglyphs on ancient tablets. It is said that the two are somehow related.","Their shapes look like hieroglyphs on ancient tablets. It is said that the two are somehow related.","Their shapes look like hieroglyphs on ancient tablets. It is said that the two are somehow related.","Their shapes look like hieroglyphs on ancient tablets. It is said that the two are somehow related.","Their shapes look like hieroglyphs on ancient tablets. It is said that the two are somehow related.","Their shapes look like hieroglyphs on ancient tablets. It is said that the two are somehow related."
"Their shapes look like hieroglyphs on ancient tablets. It is said that the two are somehow related.","Their shapes look like hieroglyphs on ancient tablets. It is said that the two are somehow related.","Their shapes look like hieroglyphs on ancient tablets. It is said that the two are somehow related.","Their shapes look like hieroglyphs on ancient tablets. It is said that the two are somehow related.","Their shapes look like hieroglyphs on ancient tablets. It is said that the two are somehow related.","Their shapes look like hieroglyphs on ancient tablets. It is said that the two are somehow related.","Their shapes look like hieroglyphs on ancient tablets. It is said that the two are somehow related."
"Their shapes look like hieroglyphs on ancient tablets. It is said that the two are somehow related.","Their shapes look like hieroglyphs on ancient tablets. It is said that the two are somehow related.","Their shapes look like hieroglyphs on ancient tablets. It is said that the two are somehow related.","Their shapes look like hieroglyphs on ancient tablets. It is said that the two are somehow related.","Their shapes look like hieroglyphs on ancient tablets. It is said that the two are somehow related.","Their shapes look like hieroglyphs on ancient tablets. It is said that the two are somehow related.","Their shapes look like hieroglyphs on ancient tablets. It is said that the two are somehow related."
"Their shapes look like hieroglyphs on ancient tablets. It is said that the two are somehow related.","Their shapes look like hieroglyphs on ancient tablets. It is said that the two are somehow related.","Their shapes look like hieroglyphs on ancient tablets. It is said that the two are somehow related.","Their shapes look like hieroglyphs on ancient tablets. It is said that the two are somehow related.","Their shapes look like hieroglyphs on ancient tablets. It is said that the two are somehow related.","Their shapes look like hieroglyphs on ancient tablets. It is said that the two are somehow related.","Their shapes look like hieroglyphs on ancient tablets. It is said that the two are somehow related."
"Their shapes look like hieroglyphs on ancient tablets. It is said that the two are somehow related.","Their shapes look like hieroglyphs on ancient tablets. It is said that the two are somehow related.","Their shapes look like hieroglyphs on ancient tablets. It is said that the two are somehow related.","Their shapes look like hieroglyphs on ancient tablets. It is said that the two are somehow related.","Their shapes look like hieroglyphs on ancient tablets. It is said that the two are somehow related.","Their shapes look like hieroglyphs on ancient tablets. It is said that the two are somehow related.","Their shapes look like hieroglyphs on ancient tablets. It is said that the two are somehow related."
"Their shapes look like hieroglyphs on ancient tablets. It is said that the two are somehow related.","Their shapes look like hieroglyphs on ancient tablets. It is said that the two are somehow related.","Their shapes look like hieroglyphs on ancient tablets. It is said that the two are somehow related.","Their shapes look like hieroglyphs on ancient tablets. It is said that the two are somehow related.","Their shapes look like hieroglyphs on ancient tablets. It is said that the two are somehow related.","Their shapes look like hieroglyphs on ancient tablets. It is said that the two are somehow related.","Their shapes look like hieroglyphs on ancient tablets. It is said that the two are somehow related."
"Their shapes look like hieroglyphs on ancient tablets. It is said that the two are somehow related.","Their shapes look like hieroglyphs on ancient tablets. It is said that the two are somehow related.","Their shapes look like hieroglyphs on ancient tablets. It is said that the two are somehow related.","Their shapes look like hieroglyphs on ancient tablets. It is said that the two are somehow related.","Their shapes look like hieroglyphs on ancient tablets. It is said that the two are somehow related.","Their shapes look like hieroglyphs on ancient tablets. It is said that the two are somehow related.","Their shapes look like hieroglyphs on ancient tablets. It is said that the two are somehow related."
"Their shapes look like hieroglyphs on ancient tablets. It is said that the two are somehow related.","Their shapes look like hieroglyphs on ancient tablets. It is said that the two are somehow related.","Their shapes look like hieroglyphs on ancient tablets. It is said that the two are somehow related.","Their shapes look like hieroglyphs on ancient tablets. It is said that the two are somehow related.","Their shapes look like hieroglyphs on ancient tablets. It is said that the two are somehow related.","Their shapes look like hieroglyphs on ancient tablets. It is said that the two are somehow related.","Their shapes look like hieroglyphs on ancient tablets. It is said that the two are somehow related."
"Their shapes look like hieroglyphs on ancient tablets. It is said that the two are somehow related.","Their shapes look like hieroglyphs on ancient tablets. It is said that the two are somehow related.","Their shapes look like hieroglyphs on ancient tablets. It is said that the two are somehow related.","Their shapes look like hieroglyphs on ancient tablets. It is said that the two are somehow related.","Their shapes look like hieroglyphs on ancient tablets. It is said that the two are somehow related.","Their shapes look like hieroglyphs on ancient tablets. It is said that the two are somehow related.","Their shapes look like hieroglyphs on ancient tablets. It is said that the two are somehow related."
"Their shapes look like hieroglyphs on ancient tablets. It is said that the two are somehow related.","Their shapes look like hieroglyphs on ancient tablets. It is said that the two are somehow related.","Their shapes look like hieroglyphs on ancient tablets. It is said that the two are somehow related.","Their shapes look like hieroglyphs on ancient tablets. It is said that the two are somehow related.","Their shapes look like hieroglyphs on ancient tablets. It is said that the two are somehow related.","Their shapes look like hieroglyphs on ancient tablets. It is said that the two are somehow related.","Their shapes look like hieroglyphs on ancient tablets. It is said that the two are somehow related."
"Their shapes look like hieroglyphs on ancient tablets. It is said that the two are somehow related.","Their shapes look like hieroglyphs on ancient tablets. It is said that the two are somehow related.","Their shapes look like hieroglyphs on ancient tablets. It is said that the two are somehow related.","Their shapes look like hieroglyphs on ancient tablets. It is said that the two are somehow related.","Their shapes look like hieroglyphs on ancient tablets. It is said that the two are somehow related.","Their shapes look like hieroglyphs on ancient tablets. It is said that the two are somehow related.","Their shapes look like hieroglyphs on ancient tablets. It is said that the two are somehow related."
"Their shapes look like hieroglyphs on ancient tablets. It is said that the two are somehow related.","Their shapes look like hieroglyphs on ancient tablets. It is said that the two are somehow related.","Their shapes look like hieroglyphs on ancient tablets. It is said that the two are somehow related.","Their shapes look like hieroglyphs on ancient tablets. It is said that the two are somehow related.","Their shapes look like hieroglyphs on ancient tablets. It is said that the two are somehow related.","Their shapes look like hieroglyphs on ancient tablets. It is said that the two are somehow related.","Their shapes look like hieroglyphs on ancient tablets. It is said that the two are somehow related."
"Their shapes look like hieroglyphs on ancient tablets. It is said that the two are somehow related.","Their shapes look like hieroglyphs on ancient tablets. It is said that the two are somehow related.","Their shapes look like hieroglyphs on ancient tablets. It is said that the two are somehow related.","Their shapes look like hieroglyphs on ancient tablets. It is said that the two are somehow related.","Their shapes look like hieroglyphs on ancient tablets. It is said that the two are somehow related.","Their shapes look like hieroglyphs on ancient tablets. It is said that the two are somehow related.","Their shapes look like hieroglyphs on ancient tablets. It is said that the two are somehow related."
"Their shapes look like hieroglyphs on ancient tablets. It is said that the two are somehow related.","Their shapes look like hieroglyphs on ancient tablets. It is said that the two are somehow related.","Their shapes look like hieroglyphs on ancient tablets. It is said that the two are somehow related.","Their shapes look like hieroglyphs on ancient tablets. It is said that the two are somehow related.","Their shapes look like hieroglyphs on ancient tablets. It is said that the two are somehow related.","Their shapes look like hieroglyphs on ancient tablets. It is said that the two are somehow related.","Their shapes look like hieroglyphs on ancient tablets. It is said that the two are somehow related."
"Their shapes look like hieroglyphs on ancient tablets. It is said that the two are somehow related.","Their shapes look like hieroglyphs on ancient tablets. It is said that the two are somehow related.","Their shapes look like hieroglyphs on ancient tablets. It is said that the two are somehow related.","Their shapes look like hieroglyphs on ancient tablets. It is said that the two are somehow related.","Their shapes look like hieroglyphs on ancient tablets. It is said that the two are somehow related.","Their shapes look like hieroglyphs on ancient tablets. It is said that the two are somehow related.","Their shapes look like hieroglyphs on ancient tablets. It is said that the two are somehow related."
"Their shapes look like hieroglyphs on ancient tablets. It is said that the two are somehow related.","Their shapes look like hieroglyphs on ancient tablets. It is said that the two are somehow related.","Their shapes look like hieroglyphs on ancient tablets. It is said that the two are somehow related.","Their shapes look like hieroglyphs on ancient tablets. It is said that the two are somehow related.","Their shapes look like hieroglyphs on ancient tablets. It is said that the two are somehow related.","Their shapes look like hieroglyphs on ancient tablets. It is said that the two are somehow related.","Their shapes look like hieroglyphs on ancient tablets. It is said that the two are somehow related."
"Their shapes look like hieroglyphs on ancient tablets. It is said that the two are somehow related.","Their shapes look like hieroglyphs on ancient tablets. It is said that the two are somehow related.","Their shapes look like hieroglyphs on ancient tablets. It is said that the two are somehow related.","Their shapes look like hieroglyphs on ancient tablets. It is said that the two are somehow related.","Their shapes look like hieroglyphs on ancient tablets. It is said that the two are somehow related.","Their shapes look like hieroglyphs on ancient tablets. It is said that the two are somehow related.","Their shapes look like hieroglyphs on ancient tablets. It is said that the two are somehow related."
"Their shapes look like hieroglyphs on ancient tablets. It is said that the two are somehow related.","Their shapes look like hieroglyphs on ancient tablets. It is said that the two are somehow related.","Their shapes look like hieroglyphs on ancient tablets. It is said that the two are somehow related.","Their shapes look like hieroglyphs on ancient tablets. It is said that the two are somehow related.","Their shapes look like hieroglyphs on ancient tablets. It is said that the two are somehow related.","Their shapes look like hieroglyphs on ancient tablets. It is said that the two are somehow related.","Their shapes look like hieroglyphs on ancient tablets. It is said that the two are somehow related."
"Their shapes look like hieroglyphs on ancient tablets. It is said that the two are somehow related.","Their shapes look like hieroglyphs on ancient tablets. It is said that the two are somehow related.","Their shapes look like hieroglyphs on ancient tablets. It is said that the two are somehow related.","Their shapes look like hieroglyphs on ancient tablets. It is said that the two are somehow related.","Their shapes look like hieroglyphs on ancient tablets. It is said that the two are somehow related.","Their shapes look like hieroglyphs on ancient tablets. It is said that the two are somehow related.","Their shapes look like hieroglyphs on ancient tablets. It is said that the two are somehow related."
"Their shapes look like hieroglyphs on ancient tablets. It is said that the two are somehow related.","Their shapes look like hieroglyphs on ancient tablets. It is said that the two are somehow related.","Their shapes look like hieroglyphs on ancient tablets. It is said that the two are somehow related.","Their shapes look like hieroglyphs on ancient tablets. It is said that the two are somehow related.","Their shapes look like hieroglyphs on ancient tablets. It is said that the two are somehow related.","Their shapes look like hieroglyphs on ancient tablets. It is said that the two are somehow related.","Their shapes look like hieroglyphs on ancient tablets. It is said that the two are somehow related."
"Their shapes look like hieroglyphs on ancient tablets. It is said that the two are somehow related.","Their shapes look like hieroglyphs on ancient tablets. It is said that the two are somehow related.","Their shapes look like hieroglyphs on ancient tablets. It is said that the two are somehow related.","Their shapes look like hieroglyphs on ancient tablets. It is said that the two are somehow related.","Their shapes look like hieroglyphs on ancient tablets. It is said that the two are somehow related.","Their shapes look like hieroglyphs on ancient tablets. It is said that the two are somehow related.","Their shapes look like hieroglyphs on ancient tablets. It is said that the two are somehow related."
"Their shapes look like hieroglyphs on ancient tablets. It is said that the two are somehow related.","Their shapes look like hieroglyphs on ancient tablets. It is said that the two are somehow related.","Their shapes look like hieroglyphs on ancient tablets. It is said that the two are somehow related.","Their shapes look like hieroglyphs on ancient tablets. It is said that the two are somehow related.","Their shapes look like hieroglyphs on ancient tablets. It is said that the two are somehow related.","Their shapes look like hieroglyphs on ancient tablets. It is said that the two are somehow related.","Their shapes look like hieroglyphs on ancient tablets. It is said that the two are somehow related."
"Their shapes look like hieroglyphs on ancient tablets. It is said that the two are somehow related.","Their shapes look like hieroglyphs on ancient tablets. It is said that the two are somehow related.","Their shapes look like hieroglyphs on ancient tablets. It is said that the two are somehow related.","Their shapes look like hieroglyphs on ancient tablets. It is said that the two are somehow related.","Their shapes look like hieroglyphs on ancient tablets. It is said that the two are somehow related.","Their shapes look like hieroglyphs on ancient tablets. It is said that the two are somehow related.","Their shapes look like hieroglyphs on ancient tablets. It is said that the two are somehow related."
"Their shapes look like hieroglyphs on ancient tablets. It is said that the two are somehow related.","Their shapes look like hieroglyphs on ancient tablets. It is said that the two are somehow related.","Their shapes look like hieroglyphs on ancient tablets. It is said that the two are somehow related.","Their shapes look like hieroglyphs on ancient tablets. It is said that the two are somehow related.","Their shapes look like hieroglyphs on ancient tablets. It is said that the two are somehow related.","Their shapes look like hieroglyphs on ancient tablets. It is said that the two are somehow related.","Their shapes look like hieroglyphs on ancient tablets. It is said that the two are somehow related."
"Their shapes look like hieroglyphs on ancient tablets. It is said that the two are somehow related.","Their shapes look like hieroglyphs on ancient tablets. It is said that the two are somehow related.","Their shapes look like hieroglyphs on ancient tablets. It is said that the two are somehow related.","Their shapes look like hieroglyphs on ancient tablets. It is said that the two are somehow related.","Their shapes look like hieroglyphs on ancient tablets. It is said that the two are somehow related.","Their shapes look like hieroglyphs on ancient tablets. It is said that the two are somehow related.","Their shapes look like hieroglyphs on ancient tablets. It is said that the two are somehow related."
"It swings its eye-patterned pincers up to scare its foes. This makes it look like it has three heads.","It swings its eye-patterned pincers up to scare its foes. This makes it look like it has three heads.","It swings its eye-patterned pincers up to scare its foes. This makes it look like it has three heads.","It swings its eye-patterned pincers up to scare its foes. This makes it look like it has three heads.","It swings its eye-patterned pincers up to scare its foes. This makes it look like it has three heads.","It swings its eye-patterned pincers up to scare its foes. This makes it look like it has three heads.","It swings its eye-patterned pincers up to scare its foes. This makes it look like it has three heads."
"This powerful Pokémon thrusts its prized horn under its enemies’ bellies, then lifts and throws them.","This powerful Pokémon thrusts its prized horn under its enemies’ bellies, then lifts and throws them.","This powerful Pokémon thrusts its prized horn under its enemies’ bellies, then lifts and throws them.","This powerful Pokémon thrusts its prized horn under its enemies’ bellies, then lifts and throws them.","This powerful Pokémon thrusts its prized horn under its enemies’ bellies, then lifts and throws them.","This powerful Pokémon thrusts its prized horn under its enemies’ bellies, then lifts and throws them.","This powerful Pokémon thrusts its prized horn under its enemies’ bellies, then lifts and throws them."
"If you are burned by the flames it shoots from its mouth, the pain will never go away.","If you are burned by the flames it shoots from its mouth, the pain will never go away.","If you are burned by the flames it shoots from its mouth, the pain will never go away.","If you are burned by the flames it shoots from its mouth, the pain will never go away.","If you are burned by the flames it shoots from its mouth, the pain will never go away.","If you are burned by the flames it shoots from its mouth, the pain will never go away.","If you are burned by the flames it shoots from its mouth, the pain will never go away."
"Its body can’t be harmed by any sort of attack, so it is very eager to make challenges against enemies.","Its body can’t be harmed by any sort of attack, so it is very eager to make challenges against enemies.","Its body can’t be harmed by any sort of attack, so it is very eager to make challenges against enemies.","Its body can’t be harmed by any sort of attack, so it is very eager to make challenges against enemies.","Its body can’t be harmed by any sort of attack, so it is very eager to make challenges against enemies.","Its body can’t be harmed by any sort of attack, so it is very eager to make challenges against enemies.","Its body can’t be harmed by any sort of attack, so it is very eager to make challenges against enemies."
"It can clear a 30-story building in a leap. Its fiery punches scorch its foes.","It can clear a 30-story building in a leap. Its fiery punches scorch its foes.","It can clear a 30-story building in a leap. Its fiery punches scorch its foes.","It can clear a 30-story building in a leap. Its fiery punches scorch its foes.","It can clear a 30-story building in a leap. Its fiery punches scorch its foes.","It can clear a 30-story building in a leap. Its fiery punches scorch its foes.","It can clear a 30-story building in a leap. Its fiery punches scorch its foes."
"It unleashes psychokinetic energy at full power when protecting a Trainer it has bonded closely with.","It unleashes psychokinetic energy at full power when protecting a Trainer it has bonded closely with.","It unleashes psychokinetic energy at full power when protecting a Trainer it has bonded closely with.","It unleashes psychokinetic energy at full power when protecting a Trainer it has bonded closely with.","It unleashes psychokinetic energy at full power when protecting a Trainer it has bonded closely with.","It unleashes psychokinetic energy at full power when protecting a Trainer it has bonded closely with.","It unleashes psychokinetic energy at full power when protecting a Trainer it has bonded closely with."
"It chomps with its gaping mouth. Its huge jaws are actually steel horns that have been transformed.","It chomps with its gaping mouth. Its huge jaws are actually steel horns that have been transformed.","It chomps with its gaping mouth. Its huge jaws are actually steel horns that have been transformed.","It chomps with its gaping mouth. Its huge jaws are actually steel horns that have been transformed.","It chomps with its gaping mouth. Its huge jaws are actually steel horns that have been transformed.","It chomps with its gaping mouth. Its huge jaws are actually steel horns that have been transformed.","It chomps with its gaping mouth. Its huge jaws are actually steel horns that have been transformed."
"You can tell its age by the length of its iron horns. It claims an entire mountain as its territory.","You can tell its age by the length of its iron horns. It claims an entire mountain as its territory.","You can tell its age by the length of its iron horns. It claims an entire mountain as its territory.","You can tell its age by the length of its iron horns. It claims an entire mountain as its territory.","You can tell its age by the length of its iron horns. It claims an entire mountain as its territory.","You can tell its age by the length of its iron horns. It claims an entire mountain as its territory.","You can tell its age by the length of its iron horns. It claims an entire mountain as its territory."
"Through yoga training, it gained the psychic power to predict its foe’s next move.","Through yoga training, it gained the psychic power to predict its foe’s next move.","Through yoga training, it gained the psychic power to predict its foe’s next move.","Through yoga training, it gained the psychic power to predict its foe’s next move.","Through yoga training, it gained the psychic power to predict its foe’s next move.","Through yoga training, it gained the psychic power to predict its foe’s next move.","Through yoga training, it gained the psychic power to predict its foe’s next move."
"Its nest can be found where a thunderbolt hits. It is discharging electricity from its mane.","Its nest can be found where a thunderbolt hits. It is discharging electricity from its mane.","Its nest can be found where a thunderbolt hits. It is discharging electricity from its mane.","Its nest can be found where a thunderbolt hits. It is discharging electricity from its mane.","Its nest can be found where a thunderbolt hits. It is discharging electricity from its mane.","Its nest can be found where a thunderbolt hits. It is discharging electricity from its mane.","Its nest can be found where a thunderbolt hits. It is discharging electricity from its mane."
"This Pokémon can change its cells, taking different forms based on the temperature and humidity.","This Pokémon can change its cells, taking different forms based on the temperature and humidity.","This Pokémon can change its cells, taking different forms based on the temperature and humidity.","This Pokémon can change its cells, taking different forms based on the temperature and humidity.","This Pokémon can change its cells, taking different forms based on the temperature and humidity.","This Pokémon can change its cells, taking different forms based on the temperature and humidity.","This Pokémon can change its cells, taking different forms based on the temperature and humidity."
"This Pokémon can change its cells, taking different forms based on the temperature and humidity.","This Pokémon can change its cells, taking different forms based on the temperature and humidity.","This Pokémon can change its cells, taking different forms based on the temperature and humidity.","This Pokémon can change its cells, taking different forms based on the temperature and humidity.","This Pokémon can change its cells, taking different forms based on the temperature and humidity.","This Pokémon can change its cells, taking different forms based on the temperature and humidity.","This Pokémon can change its cells, taking different forms based on the temperature and humidity."
"This Pokémon can change its cells, taking different forms based on the temperature and humidity.","This Pokémon can change its cells, taking different forms based on the temperature and humidity.","This Pokémon can change its cells, taking different forms based on the temperature and humidity.","This Pokémon can change its cells, taking different forms based on the temperature and humidity.","This Pokémon can change its cells, taking different forms based on the temperature and humidity.","This Pokémon can change its cells, taking different forms based on the temperature and humidity.","This Pokémon can change its cells, taking different forms based on the temperature and humidity."
"This Pokémon developed from an abandoned doll that amassed a grudge. It is seen in dark alleys.","This Pokémon developed from an abandoned doll that amassed a grudge. It is seen in dark alleys.","This Pokémon developed from an abandoned doll that amassed a grudge. It is seen in dark alleys.","This Pokémon developed from an abandoned doll that amassed a grudge. It is seen in dark alleys.","This Pokémon developed from an abandoned doll that amassed a grudge. It is seen in dark alleys.","This Pokémon developed from an abandoned doll that amassed a grudge. It is seen in dark alleys.","This Pokémon developed from an abandoned doll that amassed a grudge. It is seen in dark alleys."
"It has the ability to foretell natural disasters. Its life span is over a hundred years.","It has the ability to foretell natural disasters. Its life span is over a hundred years.","It has the ability to foretell natural disasters. Its life span is over a hundred years.","It has the ability to foretell natural disasters. Its life span is over a hundred years.","It has the ability to foretell natural disasters. Its life span is over a hundred years.","It has the ability to foretell natural disasters. Its life span is over a hundred years.","It has the ability to foretell natural disasters. Its life span is over a hundred years."
"It communicates using telepathy. Its body is covered in down that refracts light to make it invisible.","It communicates using telepathy. Its body is covered in down that refracts light to make it invisible.","It communicates using telepathy. Its body is covered in down that refracts light to make it invisible.","It communicates using telepathy. Its body is covered in down that refracts light to make it invisible.","It communicates using telepathy. Its body is covered in down that refracts light to make it invisible.","It communicates using telepathy. Its body is covered in down that refracts light to make it invisible.","It communicates using telepathy. Its body is covered in down that refracts light to make it invisible."
"It understands human speech and is highly intelligent. It is a tender Pokémon that dislikes fighting.","It understands human speech and is highly intelligent. It is a tender Pokémon that dislikes fighting.","It understands human speech and is highly intelligent. It is a tender Pokémon that dislikes fighting.","It understands human speech and is highly intelligent. It is a tender Pokémon that dislikes fighting.","It understands human speech and is highly intelligent. It is a tender Pokémon that dislikes fighting.","It understands human speech and is highly intelligent. It is a tender Pokémon that dislikes fighting.","It understands human speech and is highly intelligent. It is a tender Pokémon that dislikes fighting."
"DNA from a space virus mutated and became a Pokémon. It appears where auroras are seen.","DNA from a space virus mutated and became a Pokémon. It appears where auroras are seen.","DNA from a space virus mutated and became a Pokémon. It appears where auroras are seen.","DNA from a space virus mutated and became a Pokémon. It appears where auroras are seen.","DNA from a space virus mutated and became a Pokémon. It appears where auroras are seen.","DNA from a space virus mutated and became a Pokémon. It appears where auroras are seen.","DNA from a space virus mutated and became a Pokémon. It appears where auroras are seen."
"DNA from a space virus mutated and became a Pokémon. It appears where auroras are seen.","DNA from a space virus mutated and became a Pokémon. It appears where auroras are seen.","DNA from a space virus mutated and became a Pokémon. It appears where auroras are seen.","DNA from a space virus mutated and became a Pokémon. It appears where auroras are seen.","DNA from a space virus mutated and became a Pokémon. It appears where auroras are seen.","DNA from a space virus mutated and became a Pokémon. It appears where auroras are seen.","DNA from a space virus mutated and became a Pokémon. It appears where auroras are seen."
"DNA from a space virus mutated and became a Pokémon. It appears where auroras are seen.","DNA from a space virus mutated and became a Pokémon. It appears where auroras are seen.","DNA from a space virus mutated and became a Pokémon. It appears where auroras are seen.","DNA from a space virus mutated and became a Pokémon. It appears where auroras are seen.","DNA from a space virus mutated and became a Pokémon. It appears where auroras are seen.","DNA from a space virus mutated and became a Pokémon. It appears where auroras are seen.","DNA from a space virus mutated and became a Pokémon. It appears where auroras are seen."
"It covers itself with a cloak to shelter from the cold. When it’s hot, its cloak is thinner.","It covers itself with a cloak to shelter from the cold. When it’s hot, its cloak is thinner.","It covers itself with a cloak to shelter from the cold. When it’s hot, its cloak is thinner.","It covers itself with a cloak to shelter from the cold. When it’s hot, its cloak is thinner.","It covers itself with a cloak to shelter from the cold. When it’s hot, its cloak is thinner.","It covers itself with a cloak to shelter from the cold. When it’s hot, its cloak is thinner.","It covers itself with a cloak to shelter from the cold. When it’s hot, its cloak is thinner."
"It covers itself with a cloak to shelter from the cold. When it’s hot, its cloak is thinner.","It covers itself with a cloak to shelter from the cold. When it’s hot, its cloak is thinner.","It covers itself with a cloak to shelter from the cold. When it’s hot, its cloak is thinner.","It covers itself with a cloak to shelter from the cold. When it’s hot, its cloak is thinner.","It covers itself with a cloak to shelter from the cold. When it’s hot, its cloak is thinner.","It covers itself with a cloak to shelter from the cold. When it’s hot, its cloak is thinner.","It covers itself with a cloak to shelter from the cold. When it’s hot, its cloak is thinner."
"It is said that a WORMADAM that evolves on a cold day will have a thicker cloak.","It is said that a WORMADAM that evolves on a cold day will have a thicker cloak.","It is said that a WORMADAM that evolves on a cold day will have a thicker cloak.","It is said that a WORMADAM that evolves on a cold day will have a thicker cloak.","It is said that a WORMADAM that evolves on a cold day will have a thicker cloak.","It is said that a WORMADAM that evolves on a cold day will have a thicker cloak.","It is said that a WORMADAM that evolves on a cold day will have a thicker cloak."
"It is said that a WORMADAM that evolves on a cold day will have a thicker cloak.","It is said that a WORMADAM that evolves on a cold day will have a thicker cloak.","It is said that a WORMADAM that evolves on a cold day will have a thicker cloak.","It is said that a WORMADAM that evolves on a cold day will have a thicker cloak.","It is said that a WORMADAM that evolves on a cold day will have a thicker cloak.","It is said that a WORMADAM that evolves on a cold day will have a thicker cloak.","It is said that a WORMADAM that evolves on a cold day will have a thicker cloak."
"During times of strong sunlight, its bud blooms, its petals open fully, and it becomes very active.","During times of strong sunlight, its bud blooms, its petals open fully, and it becomes very active.","During times of strong sunlight, its bud blooms, its petals open fully, and it becomes very active.","During times of strong sunlight, its bud blooms, its petals open fully, and it becomes very active.","During times of strong sunlight, its bud blooms, its petals open fully, and it becomes very active.","During times of strong sunlight, its bud blooms, its petals open fully, and it becomes very active.","During times of strong sunlight, its bud blooms, its petals open fully, and it becomes very active."
"Its shape and coloration vary, depending on its habitat.","Its shape and coloration vary, depending on its habitat.","Its shape and coloration vary, depending on its habitat.","Its shape and coloration vary, depending on its habitat.","Its shape and coloration vary, depending on its habitat.","Its shape and coloration vary, depending on its habitat.","Its shape and coloration vary, depending on its habitat."
"When its natural enemy attacks, it oozes purple fluid and escapes.","When its natural enemy attacks, it oozes purple fluid and escapes.","When its natural enemy attacks, it oozes purple fluid and escapes.","When its natural enemy attacks, it oozes purple fluid and escapes.","When its natural enemy attacks, it oozes purple fluid and escapes.","When its natural enemy attacks, it oozes purple fluid and escapes.","When its natural enemy attacks, it oozes purple fluid and escapes."
"Its body is covered in fine scales that reduce drag, enabling it to fly at high speeds.","Its body is covered in fine scales that reduce drag, enabling it to fly at high speeds.","Its body is covered in fine scales that reduce drag, enabling it to fly at high speeds.","Its body is covered in fine scales that reduce drag, enabling it to fly at high speeds.","Its body is covered in fine scales that reduce drag, enabling it to fly at high speeds.","Its body is covered in fine scales that reduce drag, enabling it to fly at high speeds.","Its body is covered in fine scales that reduce drag, enabling it to fly at high speeds."
"It’s said that no foe can remain invisible to LUCARIO, since it can detect auras. Even foes it could not otherwise see.","It’s said that no foe can remain invisible to LUCARIO, since it can detect auras. Even foes it could not otherwise see.","It’s said that no foe can remain invisible to LUCARIO, since it can detect auras. Even foes it could not otherwise see.","It’s said that no foe can remain invisible to LUCARIO, since it can detect auras. Even foes it could not otherwise see.","It’s said that no foe can remain invisible to LUCARIO, since it can detect auras. Even foes it could not otherwise see.","It’s said that no foe can remain invisible to LUCARIO, since it can detect auras. Even foes it could not otherwise see.","It’s said that no foe can remain invisible to LUCARIO, since it can detect auras. Even foes it could not otherwise see."
"It lives a quiet life on mountains that are perpetually covered in snow. It hides itself by whipping up blizzards.","It lives a quiet life on mountains that are perpetually covered in snow. It hides itself by whipping up blizzards.","It lives a quiet life on mountains that are perpetually covered in snow. It hides itself by whipping up blizzards.","It lives a quiet life on mountains that are perpetually covered in snow. It hides itself by whipping up blizzards.","It lives a quiet life on mountains that are perpetually covered in snow. It hides itself by whipping up blizzards.","It lives a quiet life on mountains that are perpetually covered in snow. It hides itself by whipping up blizzards.","It lives a quiet life on mountains that are perpetually covered in snow. It hides itself by whipping up blizzards."
"Research continues on this Pokémon, which could be the power source of a unique motor.","Research continues on this Pokémon, which could be the power source of a unique motor.","Research continues on this Pokémon, which could be the power source of a unique motor.","Research continues on this Pokémon, which could be the power source of a unique motor.","Research continues on this Pokémon, which could be the power source of a unique motor.","Research continues on this Pokémon, which could be the power source of a unique motor.","Research continues on this Pokémon, which could be the power source of a unique motor."
"Research continues on this Pokémon, which could be the power source of a unique motor.","Research continues on this Pokémon, which could be the power source of a unique motor.","Research continues on this Pokémon, which could be the power source of a unique motor.","Research continues on this Pokémon, which could be the power source of a unique motor.","Research continues on this Pokémon, which could be the power source of a unique motor.","Research continues on this Pokémon, which could be the power source of a unique motor.","Research continues on this Pokémon, which could be the power source of a unique motor."
"Research continues on this Pokémon, which could be the power source of a unique motor.","Research continues on this Pokémon, which could be the power source of a unique motor.","Research continues on this Pokémon, which could be the power source of a unique motor.","Research continues on this Pokémon, which could be the power source of a unique motor.","Research continues on this Pokémon, which could be the power source of a unique motor.","Research continues on this Pokémon, which could be the power source of a unique motor.","Research continues on this Pokémon, which could be the power source of a unique motor."
"Research continues on this Pokémon, which could be the power source of a unique motor.","Research continues on this Pokémon, which could be the power source of a unique motor.","Research continues on this Pokémon, which could be the power source of a unique motor.","Research continues on this Pokémon, which could be the power source of a unique motor.","Research continues on this Pokémon, which could be the power source of a unique motor.","Research continues on this Pokémon, which could be the power source of a unique motor.","Research continues on this Pokémon, which could be the power source of a unique motor."
"Research continues on this Pokémon, which could be the power source of a unique motor.","Research continues on this Pokémon, which could be the power source of a unique motor.","Research continues on this Pokémon, which could be the power source of a unique motor.","Research continues on this Pokémon, which could be the power source of a unique motor.","Research continues on this Pokémon, which could be the power source of a unique motor.","Research continues on this Pokémon, which could be the power source of a unique motor.","Research continues on this Pokémon, which could be the power source of a unique motor."
"This Pokémon is said to live in a world on the reverse side of ours, where common knowledge is distorted and strange.","This Pokémon is said to live in a world on the reverse side of ours, where common knowledge is distorted and strange.","This Pokémon is said to live in a world on the reverse side of ours, where common knowledge is distorted and strange.","This Pokémon is said to live in a world on the reverse side of ours, where common knowledge is distorted and strange.","This Pokémon is said to live in a world on the reverse side of ours, where common knowledge is distorted and strange.","This Pokémon is said to live in a world on the reverse side of ours, where common knowledge is distorted and strange.","This Pokémon is said to live in a world on the reverse side of ours, where common knowledge is distorted and strange."
"The blooming of Gracidea flowers confers the power of flight upon it. Feelings  of gratitude are the message it delivers.","The blooming of Gracidea flowers confers the power of flight upon it. Feelings  of gratitude are the message it delivers.","The blooming of Gracidea flowers confers the power of flight upon it. Feelings  of gratitude are the message it delivers.","The blooming of Gracidea flowers confers the power of flight upon it. Feelings  of gratitude are the message it delivers.","The blooming of Gracidea flowers confers the power of flight upon it. Feelings  of gratitude are the message it delivers.","The blooming of Gracidea flowers confers the power of flight upon it. Feelings  of gratitude are the message it delivers.","The blooming of Gracidea flowers confers the power of flight upon it. Feelings  of gratitude are the message it delivers."
"According to the legends of Sinnoh, this Pokémon emerged from an egg and shaped all there is in this world.","According to the legends of Sinnoh, this Pokémon emerged from an egg and shaped all there is in this world.","According to the legends of Sinnoh, this Pokémon emerged from an egg and shaped all there is in this world.","According to the legends of Sinnoh, this Pokémon emerged from an egg and shaped all there is in this world.","According to the legends of Sinnoh, this Pokémon emerged from an egg and shaped all there is in this world.","According to the legends of Sinnoh, this Pokémon emerged from an egg and shaped all there is in this world.","According to the legends of Sinnoh, this Pokémon emerged from an egg and shaped all there is in this world."
"According to the legends of Sinnoh, this Pokémon emerged from an egg and shaped all there is in this world.","According to the legends of Sinnoh, this Pokémon emerged from an egg and shaped all there is in this world.","According to the legends of Sinnoh, this Pokémon emerged from an egg and shaped all there is in this world.","According to the legends of Sinnoh, this Pokémon emerged from an egg and shaped all there is in this world.","According to the legends of Sinnoh, this Pokémon emerged from an egg and shaped all there is in this world.","According to the legends of Sinnoh, this Pokémon emerged from an egg and shaped all there is in this world.","According to the legends of Sinnoh, this Pokémon emerged from an egg and shaped all there is in this world."
"According to the legends of Sinnoh, this Pokémon emerged from an egg and shaped all there is in this world.","According to the legends of Sinnoh, this Pokémon emerged from an egg and shaped all there is in this world.","According to the legends of Sinnoh, this Pokémon emerged from an egg and shaped all there is in this world.","According to the legends of Sinnoh, this Pokémon emerged from an egg and shaped all there is in this world.","According to the legends of Sinnoh, this Pokémon emerged from an egg and shaped all there is in this world.","According to the legends of Sinnoh, this Pokémon emerged from an egg and shaped all there is in this world.","According to the legends of Sinnoh, this Pokémon emerged from an egg and shaped all there is in this world."
"According to the legends of Sinnoh, this Pokémon emerged from an egg and shaped all there is in this world.","According to the legends of Sinnoh, this Pokémon emerged from an egg and shaped all there is in this world.","According to the legends of Sinnoh, this Pokémon emerged from an egg and shaped all there is in this world.","According to the legends of Sinnoh, this Pokémon emerged from an egg and shaped all there is in this world.","According to the legends of Sinnoh, this Pokémon emerged from an egg and shaped all there is in this world.","According to the legends of Sinnoh, this Pokémon emerged from an egg and shaped all there is in this world.","According to the legends of Sinnoh, this Pokémon emerged from an egg and shaped all there is in this world."
"According to the legends of Sinnoh, this Pokémon emerged from an egg and shaped all there is in this world.","According to the legends of Sinnoh, this Pokémon emerged from an egg and shaped all there is in this world.","According to the legends of Sinnoh, this Pokémon emerged from an egg and shaped all there is in this world.","According to the legends of Sinnoh, this Pokémon emerged from an egg and shaped all there is in this world.","According to the legends of Sinnoh, this Pokémon emerged from an egg and shaped all there is in this world.","According to the legends of Sinnoh, this Pokémon emerged from an egg and shaped all there is in this world.","According to the legends of Sinnoh, this Pokémon emerged from an egg and shaped all there is in this world."
"According to the legends of Sinnoh, this Pokémon emerged from an egg and shaped all there is in this world.","According to the legends of Sinnoh, this Pokémon emerged from an egg and shaped all there is in this world.","According to the legends of Sinnoh, this Pokémon emerged from an egg and shaped all there is in this world.","According to the legends of Sinnoh, this Pokémon emerged from an egg and shaped all there is in this world.","According to the legends of Sinnoh, this Pokémon emerged from an egg and shaped all there is in this world.","According to the legends of Sinnoh, this Pokémon emerged from an egg and shaped all there is in this world.","According to the legends of Sinnoh, this Pokémon emerged from an egg and shaped all there is in this world."
"According to the legends of Sinnoh, this Pokémon emerged from an egg and shaped all there is in this world.","According to the legends of Sinnoh, this Pokémon emerged from an egg and shaped all there is in this world.","According to the legends of Sinnoh, this Pokémon emerged from an egg and shaped all there is in this world.","According to the legends of Sinnoh, this Pokémon emerged from an egg and shaped all there is in this world.","According to the legends of Sinnoh, this Pokémon emerged from an egg and shaped all there is in this world.","According to the legends of Sinnoh, this Pokémon emerged from an egg and shaped all there is in this world.","According to the legends of Sinnoh, this Pokémon emerged from an egg and shaped all there is in this world."
"According to the legends of Sinnoh, this Pokémon emerged from an egg and shaped all there is in this world.","According to the legends of Sinnoh, this Pokémon emerged from an egg and shaped all there is in this world.","According to the legends of Sinnoh, this Pokémon emerged from an egg and shaped all there is in this world.","According to the legends of Sinnoh, this Pokémon emerged from an egg and shaped all there is in this world.","According to the legends of Sinnoh, this Pokémon emerged from an egg and shaped all there is in this world.","According to the legends of Sinnoh, this Pokémon emerged from an egg and shaped all there is in this world.","According to the legends of Sinnoh, this Pokémon emerged from an egg and shaped all there is in this world."
"According to the legends of Sinnoh, this Pokémon emerged from an egg and shaped all there is in this world.","According to the legends of Sinnoh, this Pokémon emerged from an egg and shaped all there is in this world.","According to the legends of Sinnoh, this Pokémon emerged from an egg and shaped all there is in this world.","According to the legends of Sinnoh, this Pokémon emerged from an egg and shaped all there is in this world.","According to the legends of Sinnoh, this Pokémon emerged from an egg and shaped all there is in this world.","According to the legends of Sinnoh, this Pokémon emerged from an egg and shaped all there is in this world.","According to the legends of Sinnoh, this Pokémon emerged from an egg and shaped all there is in this world."
"According to the legends of Sinnoh, this Pokémon emerged from an egg and shaped all there is in this world.","According to the legends of Sinnoh, this Pokémon emerged from an egg and shaped all there is in this world.","According to the legends of Sinnoh, this Pokémon emerged from an egg and shaped all there is in this world.","According to the legends of Sinnoh, this Pokémon emerged from an egg and shaped all there is in this world.","According to the legends of Sinnoh, this Pokémon emerged from an egg and shaped all there is in this world.","According to the legends of Sinnoh, this Pokémon emerged from an egg and shaped all there is in this world.","According to the legends of Sinnoh, this Pokémon emerged from an egg and shaped all there is in this world."
"According to the legends of Sinnoh, this Pokémon emerged from an egg and shaped all there is in this world.","According to the legends of Sinnoh, this Pokémon emerged from an egg and shaped all there is in this world.","According to the legends of Sinnoh, this Pokémon emerged from an egg and shaped all there is in this world.","According to the legends of Sinnoh, this Pokémon emerged from an egg and shaped all there is in this world.","According to the legends of Sinnoh, this Pokémon emerged from an egg and shaped all there is in this world.","According to the legends of Sinnoh, this Pokémon emerged from an egg and shaped all there is in this world.","According to the legends of Sinnoh, this Pokémon emerged from an egg and shaped all there is in this world."
"According to the legends of Sinnoh, this Pokémon emerged from an egg and shaped all there is in this world.","According to the legends of Sinnoh, this Pokémon emerged from an egg and shaped all there is in this world.","According to the legends of Sinnoh, this Pokémon emerged from an egg and shaped all there is in this world.","According to the legends of Sinnoh, this Pokémon emerged from an egg and shaped all there is in this world.","According to the legends of Sinnoh, this Pokémon emerged from an egg and shaped all there is in this world.","According to the legends of Sinnoh, this Pokémon emerged from an egg and shaped all there is in this world.","According to the legends of Sinnoh, this Pokémon emerged from an egg and shaped all there is in this world."
"According to the legends of Sinnoh, this Pokémon emerged from an egg and shaped all there is in this world.","According to the legends of Sinnoh, this Pokémon emerged from an egg and shaped all there is in this world.","According to the legends of Sinnoh, this Pokémon emerged from an egg and shaped all there is in this world.","According to the legends of Sinnoh, this Pokémon emerged from an egg and shaped all there is in this world.","According to the legends of Sinnoh, this Pokémon emerged from an egg and shaped all there is in this world.","According to the legends of Sinnoh, this Pokémon emerged from an egg and shaped all there is in this world.","According to the legends of Sinnoh, this Pokémon emerged from an egg and shaped all there is in this world."
"According to the legends of Sinnoh, this Pokémon emerged from an egg and shaped all there is in this world.","According to the legends of Sinnoh, this Pokémon emerged from an egg and shaped all there is in this world.","According to the legends of Sinnoh, this Pokémon emerged from an egg and shaped all there is in this world.","According to the legends of Sinnoh, this Pokémon emerged from an egg and shaped all there is in this world.","According to the legends of Sinnoh, this Pokémon emerged from an egg and shaped all there is in this world.","According to the legends of Sinnoh, this Pokémon emerged from an egg and shaped all there is in this world.","According to the legends of Sinnoh, this Pokémon emerged from an egg and shaped all there is in this world."
"According to the legends of Sinnoh, this Pokémon emerged from an egg and shaped all there is in this world.","According to the legends of Sinnoh, this Pokémon emerged from an egg and shaped all there is in this world.","According to the legends of Sinnoh, this Pokémon emerged from an egg and shaped all there is in this world.","According to the legends of Sinnoh, this Pokémon emerged from an egg and shaped all there is in this world.","According to the legends of Sinnoh, this Pokémon emerged from an egg and shaped all there is in this world.","According to the legends of Sinnoh, this Pokémon emerged from an egg and shaped all there is in this world.","According to the legends of Sinnoh, this Pokémon emerged from an egg and shaped all there is in this world."
"According to the legends of Sinnoh, this Pokémon emerged from an egg and shaped all there is in this world.","According to the legends of Sinnoh, this Pokémon emerged from an egg and shaped all there is in this world.","According to the legends of Sinnoh, this Pokémon emerged from an egg and shaped all there is in this world.","According to the legends of Sinnoh, this Pokémon emerged from an egg and shaped all there is in this world.","According to the legends of Sinnoh, this Pokémon emerged from an egg and shaped all there is in this world.","According to the legends of Sinnoh, this Pokémon emerged from an egg and shaped all there is in this world.","According to the legends of Sinnoh, this Pokémon emerged from an egg and shaped all there is in this world."
"According to the legends of Sinnoh, this Pokémon emerged from an egg and shaped all there is in this world.","According to the legends of Sinnoh, this Pokémon emerged from an egg and shaped all there is in this world.","According to the legends of Sinnoh, this Pokémon emerged from an egg and shaped all there is in this world.","According to the legends of Sinnoh, this Pokémon emerged from an egg and shaped all there is in this world.","According to the legends of Sinnoh, this Pokémon emerged from an egg and shaped all there is in this world.","According to the legends of Sinnoh, this Pokémon emerged from an egg and shaped all there is in this world.","According to the legends of Sinnoh, this Pokémon emerged from an egg and shaped all there is in this world."
